snapshot_id,rank_score_consistent
s000001,false
s000002,true
s000003,true
s000004,true
s000005,true
s000006,true
s000007,true
s000008,true
s000009,true
s000010,true
s000011,true
s000012,true
s000013,true
s000014,true
s000015,true
s000016,true
s000017,true
s000018,true
s000019,false
s000020,true
s000021,true
s000022,true
s000023,true
s000024,true
s000025,true
s000026,true
s000027,false
s000028,true
s000029,true
s000030,true
s000031,false
s000032,true
s000033,true
s000034,true
s000035,true
s000036,true
s000037,true
s000038,true
s000039,false
s000040,false
s000041,true
s000042,false
s000043,false
s000044,true
s000045,true
s000046,true
s000047,true
s000048,true
s000049,true
s000050,true
s000051,true
s000052,false
s000053,false
s000054,true
s000055,true
s000056,true
s000057,true
s000058,true
s000059,true
s000060,true
s000061,false
s000062,false
s000063,false
s000064,true
s000065,true
s000066,true
s000067,false
s000068,false
s000069,false
s000070,true
s000071,false
s000072,true
s000073,false
s000074,false
s000075,true
s000076,false
s000077,false
s000078,true
s000079,false
s000080,false
s000081,false
s000082,false
s000083,false
s000084,false
s000085,false
s000086,true
s000087,true
s000088,true
s000089,true
s000090,true
s000091,true
s000092,false
s000093,true
s000094,true
s000095,false
s000096,false
s000097,true
s000098,true
s000099,true
s000100,true
s000101,true
s000102,true
s000103,false
s000104,false
s000105,false
s000106,false
s000107,false
s000108,false
s000109,false
s000110,false
s000111,true
s000112,true
s000113,true
s000114,false
s000115,false
s000116,false
s000117,false
s000118,true
s000119,true
s000120,false
s000121,true
s000122,false
s000123,false
s000124,false
s000125,false
s000126,false
s000127,true
s000128,true
s000129,true
s000130,true
s000131,true
s000132,true
s000133,true
s000134,false
s000135,false
s000136,true
s000137,true
s000138,true
s000139,true
s000140,true
s000141,true
s000142,false
s000143,false
s000144,false
s000145,false
s000146,true
s000147,false
s000148,false
s000149,false
s000150,false
s000151,false
s000152,true
s000153,true
s000154,true
s000155,false
s000156,false
s000157,false
s000158,true
s000159,false
s000160,true
s000161,false
s000162,false
s000163,false
s000164,true
s000165,true
s000166,true
s000167,false
s000168,false
s000169,false
s000170,true
s000171,true
s000172,false
s000173,true
s000174,true
s000175,false
s000176,true
s000177,true
s000178,true
s000179,true
s000180,true
s000181,true
s000182,false
s000183,false
s000184,true
s000185,true
s000186,true
s000187,true
s000188,true
s000189,false
s000190,true
s000191,false
s000192,true
s000193,false
s000194,false
s000195,false
s000196,false
s000197,false
s000198,false
s000199,false
s000200,true
s000201,true
s000202,true
s000203,false
s000204,false
s000205,false
s000206,false
s000207,false
s000208,false
s000209,true
s000210,false
s000211,false
s000212,false
s000213,false
s000214,false
s000215,false
s000216,false
s000217,false
s000218,true
s000219,false
s000220,true
s000221,true
s000222,false
s000223,false
s000224,true
s000225,true
s000226,true
s000227,true
s000228,false
s000229,true
s000230,true
s000231,true
s000232,true
s000233,true
s000234,true
s000235,true
s000236,false
s000237,false
s000238,false
s000239,true
s000240,false
s000241,false
s000242,false
s000243,false
s000244,true
s000245,true
s000246,true
s000247,true
s000248,true
s000249,true
s000250,true
s000251,true
s000252,true
s000253,true
s000254,true
s000255,false
s000256,true
s000257,true
s000258,false
s000259,false
s000260,false
s000261,false
s000262,false
s000263,false
s000264,true
s000265,true
s000266,true
s000267,false
s000268,true
s000269,true
s000270,false
s000271,false
s000272,false
s000273,false
s000274,true
s000275,true
s000276,true
s000277,false
s000278,false
s000279,true
s000280,true
s000281,false
s000282,false
s000283,false
s000284,false
s000285,false
s000286,true
s000287,false
s000288,true
s000289,true
s000290,true
s000291,true
s000292,false
s000293,true
s000294,true
s000295,true
s000296,true
s000297,true
s000298,true
s000299,true
s000300,true
s000301,true
s000302,true
s000303,true
s000304,true
s000305,true
s000306,true
s000307,true
s000308,true
s000309,true
s000310,true
s000311,true
s000312,true
s000313,false
s000314,false
s000315,false
s000316,false
s000317,true
s000318,true
s000319,true
s000320,true
s000321,true
s000322,false
s000323,true
s000324,false
s000325,true
s000326,false
s000327,true
s000328,false
s000329,false
s000330,false
s000331,true
s000332,true
s000333,true
s000334,true
s000335,false
s000336,false
s000337,false
s000338,false
s000339,false
s000340,false
s000341,false
s000342,true
s000343,false
s000344,true
s000345,true
s000346,false
s000347,true
s000348,true
s000349,true
s000350,true
s000351,true
s000352,true
s000353,true
s000354,true
s000355,true
s000356,false
s000357,true
s000358,true
s000359,true
s000360,true
s000361,false
s000362,false
s000363,false
s000364,true
s000365,true
s000366,true
s000367,false
s000368,true
s000369,false
s000370,true
s000371,false
s000372,true
s000373,true
s000374,true
s000375,false
s000376,true
s000377,false
s000378,true
s000379,false
s000380,false
s000381,true
s000382,true
s000383,true
s000384,true
s000385,true
s000386,true
s000387,false
s000388,false
s000389,false
s000390,false
s000391,true
s000392,true
s000393,false
s000394,true
s000395,true
s000396,true
s000397,true
s000398,true
s000399,true
s000400,true
s000401,true
s000402,true
s000403,true
s000404,false
s000405,true
s000406,false
s000407,true
s000408,true
s000409,false
s000410,false
s000411,false
s000412,false
s000413,false
s000414,true
s000415,true
s000416,true
s000417,false
s000418,true
s000419,true
s000420,false
s000421,true
s000422,true
s000423,false
s000424,false
s000425,false
s000426,false
s000427,true
s000428,true
s000429,false
s000430,false
s000431,true
s000432,true
s000433,true
s000434,false
s000435,true
s000436,true
s000437,true
s000438,true
s000439,true
s000440,true
s000441,true
s000442,true
s000443,true
s000444,true
s000445,true
s000446,true
s000447,false
s000448,true
s000449,false
s000450,true
s000451,true
s000452,true
s000453,false
s000454,false
s000455,false
s000456,false
s000457,false
s000458,true
s000459,true
s000460,true
s000461,false
s000462,true
s000463,true
s000464,false
s000465,false
s000466,false
s000467,false
s000468,false
s000469,true
s000470,false
s000471,false
s000472,true
s000473,true
s000474,true
s000475,true
s000476,false
s000477,false
s000478,true
s000479,true
s000480,false
s000481,true
s000482,false
s000483,false
s000484,true
s000485,true
s000486,false
s000487,true
s000488,true
s000489,true
s000490,true
s000491,true
s000492,true
s000493,true
s000494,true
s000495,true
s000496,true
s000497,true
s000498,false
s000499,true
s000500,false
s000501,true
s000502,true
s000503,true
s000504,false
s000505,false
s000506,true
s000507,false
s000508,false
s000509,false
s000510,false
s000511,false
s000512,true
s000513,true
s000514,true
s000515,false
s000516,false
s000517,true
s000518,false
s000519,true
s000520,false
s000521,true
s000522,true
s000523,false
s000524,true
s000525,true
s000526,false
s000527,false
s000528,true
s000529,false
s000530,false
s000531,false
s000532,false
s000533,false
s000534,false
s000535,true
s000536,true
s000537,true
s000538,false
s000539,true
s000540,true
s000541,true
s000542,true
s000543,true
s000544,true
s000545,true
s000546,true
s000547,true
s000548,true
s000549,true
s000550,true
s000551,false
s000552,true
s000553,false
s000554,false
s000555,false
s000556,false
s000557,false
s000558,true
s000559,true
s000560,true
s000561,false
s000562,true
s000563,true
s000564,false
s000565,false
s000566,false
s000567,false
s000568,true
s000569,true
s000570,false
s000571,true
s000572,true
s000573,false
s000574,false
s000575,true
s000576,false
s000577,false
s000578,false
s000579,false
s000580,false
s000581,false
s000582,true
s000583,true
s000584,true
s000585,false
s000586,true
s000587,true
s000588,true
s000589,true
s000590,true
s000591,true
s000592,true
s000593,true
s000594,true
s000595,true
s000596,true
s000597,true
s000598,true
s000599,false
s000600,true
s000601,true
s000602,true
s000603,true
s000604,false
s000605,false
s000606,false
s000607,true
s000608,false
s000609,false
s000610,false
s000611,true
s000612,true
s000613,true
s000614,false
s000615,true
s000616,true
s000617,false
s000618,false
s000619,false
s000620,false
s000621,true
s000622,false
s000623,true
s000624,true
s000625,true
s000626,false
s000627,false
s000628,true
s000629,false
s000630,false
s000631,false
s000632,true
s000633,true
s000634,false
s000635,true
s000636,true
s000637,true
s000638,true
s000639,true
s000640,true
s000641,true
s000642,true
s000643,true
s000644,true
s000645,true
s000646,false
s000647,true
s000648,true
s000649,true
s000650,true
s000651,false
s000652,false
s000653,false
s000654,false
s000655,false
s000656,false
s000657,false
s000658,true
s000659,true
s000660,true
s000661,false
s000662,true
s000663,true
s000664,false
s000665,true
s000666,false
s000667,false
s000668,false
s000669,true
s000670,false
s000671,true
s000672,true
s000673,true
s000674,false
s000675,false
s000676,false
s000677,false
s000678,true
s000679,false
s000680,false
s000681,true
s000682,false
s000683,true
s000684,true
s000685,true
s000686,false
s000687,true
s000688,true
s000689,true
s000690,true
s000691,true
s000692,true
s000693,true
s000694,true
s000695,true
s000696,true
s000697,true
s000698,true
s000699,true
s000700,true
s000701,true
s000702,true
s000703,true
s000704,true
s000705,true
s000706,true
s000707,true
s000708,true
s000709,true
s000710,true
s000711,true
s000712,true
s000713,true
s000714,true
s000715,true
s000716,true
s000717,true
s000718,true
s000719,true
s000720,true
s000721,true
s000722,true
s000723,true
s000724,true
s000725,true
s000726,true
s000727,true
s000728,true
s000729,true
s000730,true
s000731,true
s000732,true
s000733,true
s000734,true
s000735,true
s000736,true
s000737,true
s000738,true
s000739,true
s000740,true
s000741,true
s000742,true
s000743,true
s000744,true
s000745,true
s000746,true
s000747,true
s000748,true
s000749,true
s000750,true
s000751,true
s000752,true
s000753,true
s000754,true
s000755,true
s000756,true
s000757,true
s000758,true
s000759,true
s000760,true
s000761,true
s000762,true
s000763,true
s000764,true
s000765,true
s000766,true
s000767,true
s000768,true
s000769,true
s000770,true
s000771,true
s000772,true
s000773,true
s000774,true
s000775,true
s000776,true
s000777,true
s000778,true
s000779,true
s000780,true
s000781,true
s000782,true
s000783,true
s000784,true
s000785,true
s000786,true
s000787,true
s000788,true
s000789,true
s000790,true
s000791,true
s000792,true
s000793,true
s000794,true
s000795,true
s000796,true
s000797,true
s000798,true
s000799,true
s000800,true
s000801,true
s000802,true
s000803,true
s000804,true
s000805,true
s000806,true
s000807,true
s000808,true
s000809,true
s000810,true
s000811,true
s000812,true
s000813,true
s000814,true
s000815,true
s000816,true
s000817,true
s000818,true
s000819,true
s000820,true
s000821,true
s000822,true
s000823,true
s000824,true
s000825,true
s000826,true
s000827,true
s000828,true
s000829,true
s000830,true
s000831,true
s000832,true
s000833,true
s000834,true
s000835,true
s000836,true
s000837,true
s000838,true
s000839,true
s000840,true
s000841,true
s000842,true
s000843,true
s000844,true
s000845,true
s000846,true
s000847,true
s000848,true
s000849,true
s000850,true
s000851,true
s000852,true
s000853,true
s000854,true
s000855,true
s000856,true
s000857,true
s000858,true
s000859,true
s000860,true
s000861,true
s000862,true
s000863,true
s000864,true
s000865,true
s000866,true
s000867,true
s000868,true
s000869,true
s000870,true
s000871,true
s000872,true
s000873,true
s000874,true
s000875,true
s000876,true
s000877,true
s000878,true
s000879,true
s000880,true
s000881,true
s000882,true
s000883,true
s000884,true
s000885,true
s000886,true
s000887,true
s000888,true
s000889,true
s000890,true
s000891,true
s000892,true
s000893,true
s000894,true
s000895,true
s000896,true
s000897,true
s000898,true
s000899,true
s000900,true
s000901,true
s000902,true
s000903,true
s000904,true
s000905,true
s000906,true
s000907,true
s000908,true
s000909,true
s000910,true
s000911,true
s000912,true
s000913,true
s000914,true
s000915,true
s000916,true
s000917,true
s000918,true
s000919,true
s000920,true
s000921,true
s000922,true
s000923,true
s000924,true
s000925,true
s000926,true
s000927,true
s000928,true
s000929,true
s000930,true
s000931,true
s000932,true
s000933,true
s000934,true
s000935,true
s000936,true
s000937,true
s000938,true
s000939,true
s000940,true
s000941,true
s000942,true
s000943,true
s000944,true
s000945,true
s000946,true
s000947,true
s000948,true
s000949,true
s000950,true
s000951,true
s000952,true
s000953,true
s000954,true
s000955,true
s000956,true
s000957,true
s000958,true
s000959,true
s000960,true
s000961,true
s000962,true
s000963,true
s000964,true
s000965,true
s000966,true
s000967,true
s000968,true
s000969,true
s000970,true
s000971,true
s000972,true
s000973,true
s000974,true
s000975,true
s000976,true
s000977,true
s000978,true
s000979,true
s000980,true
s000981,true
s000982,true
s000983,true
s000984,true
s000985,true
s000986,true
s000987,true
s000988,true
s000989,true
s000990,true
s000991,true
s000992,true
s000993,true
s000994,true
s000995,true
s000996,true
s000997,true
s000998,true
s000999,true
s001000,true
s001001,true
s001002,true
s001003,true
s001004,true
s001005,true
s001006,true
s001007,true
s001008,true
s001009,true
s001010,true
s001011,true
s001012,true
s001013,true
s001014,true
s001015,true
s001016,true
s001017,true
s001018,true
s001019,true
s001020,true
s001021,true
s001022,true
s001023,true
s001024,true
s001025,true
s001026,true
s001027,true
s001028,true
s001029,true
s001030,true
s001031,true
s001032,true
s001033,true
s001034,true
s001035,true
s001036,true
s001037,true
s001038,true
s001039,true
s001040,true
s001041,true
s001042,true
s001043,true
s001044,true
s001045,true
s001046,true
s001047,true
s001048,true
s001049,true
s001050,true
s001051,true
s001052,true
s001053,true
s001054,true
s001055,true
s001056,true
s001057,true
s001058,true
s001059,true
s001060,true
s001061,true
s001062,true
s001063,true
s001064,true
s001065,true
s001066,true
s001067,true
s001068,true
s001069,true
s001070,true
s001071,true
s001072,true
s001073,true
s001074,true
s001075,true
s001076,true
s001077,true
s001078,true
s001079,true
s001080,true
s001081,true
s001082,true
s001083,true
s001084,true
s001085,true
s001086,true
s001087,true
s001088,true
s001089,true
s001090,true
s001091,true
s001092,true
s001093,true
s001094,true
s001095,true
s001096,true
s001097,true
s001098,true
s001099,true
s001100,true
s001101,true
s001102,true
s001103,true
s001104,true
s001105,true
s001106,true
s001107,true
s001108,true
s001109,true
s001110,true
s001111,true
s001112,true
s001113,true
s001114,true
s001115,true
s001116,true
s001117,true
s001118,true
s001119,true
s001120,true
s001121,true
s001122,true
s001123,true
s001124,true
s001125,true
s001126,true
s001127,true
s001128,true
s001129,true
s001130,true
